Nro,Autor,Fecha,Hora,nrolikes,nrodislikes,nroComentarios,texto
0,An√≥nimo,"April 27, 2021",7:42 a.m.,5,3,75,"Lo que m√°s extra√±o en Espol era los bolones de la chica de los bolones que vend√≠a mixtos y Normales en FEPOL, el cual ven√≠a con su respectivo vaso de caf√©.¬†"
1,An√≥nimo,"April 27, 2021",7:12 a.m.,0,0,8,"#53013 El psic√≥logo fue de m√°s ayuda para m√≠, aunque sent√≠ que se enfocan m√°s en el lado acad√©mico"
2,An√≥nimo,"April 27, 2021",12:23 a.m.,0,0,62,Y. Conmigo no has tomado!!
3,An√≥nimo,"April 26, 2021",8:13 p.m.,0,0,86,"El Ing. Cristobal Villacis a√±o 1998 le dijo a un amigo en la clase de termofluidos , sr Valencia vaya lavese la cara usted esta en estado comatoso üòÇüòÇüòÇüòÇ mi compa√±ero se dormia en la clase .... saludos Atte Danny Mendez"
4,An√≥nimo,"April 26, 2021",8:08 p.m.,3,0,70,"Confieso que estoy tentado a escribirle a una compa√±era que me hizo una broma de mal gusto, pero he tratado de alejar ese impulso. C√≥mo le hacen para no hacer una idiotez como esa?"
5,An√≥nimo,"April 26, 2021",3:31 p.m.,0,0,57,"No es una confesi√≥n, pero no quer√≠a preguntar en Politechicos. ¬øCu√°l de los dos psic√≥logos de la Espol es mejor para tratar problemas familiares o alguna recomendaci√≥n con respecto al tema? Mi econom√≠a no es la mejor."
6,An√≥nimo,"April 18, 2021",2:39 a.m.,2,0,76,"Me quiero pegar un tiro!!!, creo que me quede al baldeo por no hacer el cenacad del PAE :c (La hvd no se anunci√≥ en ning√∫n lado, es mi primera vez en el PAE, como iba a saberlo TnT)."
7,An√≥nimo,"April 3, 2021",4 a.m.,1,0,60,"Hoy, en una situaci√≥n bastante dif√≠cil,me he dado cuenta que mis amigos no son tan amigos como yo cre√≠a."
8,An√≥nimo,"April 1, 2021",10:12 p.m.,0,0,63,"esto es un llamada a las autoridades polit√©cnicas, la pandemia seguir√° a√∫n con vacunados hay pa√≠ses ya con nueva olas de contagiados, que de las carreras que son pr√°cticas? de laboratorios (Ing. civil) hacer concreto, topografia y demas, ser evaluado por un profesional y avanzar en la carrera, que de esas carreras? que de las practicas? no todo puede ser virtual. no todos estamos viendo ing computacional, tomen asunto. que clase de ingenieros se tendr√°? se necesita salidas de campo y dem√°s. se necesita la pr√°ctica presencial. No se puede quedar uno con el biber√≥n de clases online y laboratorios virtual. "
9,An√≥nimo,"March 29, 2021",12:01 p.m.,2,0,39,"Confieso que soy un muy muy buena persona, pero siempre la cago cuando me gusta alguien, inclusive ahora internacionalmente :("
10,An√≥nimo,"March 18, 2021",2:41 p.m.,0,0,69,"Confesi√≥nA criterio personal lo mejor que podr√≠a pasar es que la espol habr√° un apartado de clases en l√≠nea para quienes deseen participar en ellas, la situaci√≥n de algunos for√°neos a sido y repito en mi experiencia de un ligero alivio, ya que para muchos de nosotros los costos de vivir lejos de nuestra ciudad son elevados, arriendos, servicios b√°sicos y ah√≠ de ti si te enfermas es la muerte, adem√°s para algunos les permite trabajar, dependiendo del horario, por lo menos yo he podido trabajar tranquilamente en el campo.Sin embargo no debemos ser ciegos con los compa√±eros que se les ha hecho imposible entrar a estudiar por estos motivos, ojal√° que al final la espol habr√° una modalidad semi presencial, incluso hasta se podr√≠an aceptar m√°s alumnos."
11,An√≥nimo,"March 18, 2021",10:54 a.m.,0,0,98,Confieso que no s√© si mi pretendiente no quiere dar el siguiente paso conmigo porque si lo hace ahuyentar√≠a a todos esos chicos que tiene detr√°s de ella. C√≥mo puedo darme cuenta que as√≠ lo es o que solo est√° jugando conmigo? Acons√©jenme.
12,An√≥nimo,"March 16, 2021",11:41 a.m.,1,1,95,"Confieso que he comenzado a escuchar pasillos, no s√© porque antes no me gustaban las letras son tan tan m√°gicas."
13,An√≥nimo,"March 16, 2021",11:39 a.m.,2,0,50,No les pasa que siempre la cagan cuando alguien les empieza a gustar un poco.
14,An√≥nimo,"March 14, 2021",4:12 p.m.,1,0,88,"Quisiera decirte lo mucho que te amo pero no es correspondido y nunca lo volver√° a ser, ya me lo demostraste. Lo mejor es avanzar.¬†"
15,An√≥nimo,"March 11, 2021",6:31 p.m.,0,0,40,"Alguien sab√≠a que se deben de ver dos tipos¬† complementarias diferentes? Que si ves dos de deportes es como solo ver una, ¬øPor que no dicen eso en el momento de registrarse? Y tras mientras esta en el semestre me la marcaron en la malla como si estuviera completando la √∫ltima complementaria. Ahora nadie puede hacer nada, bueno amigos si no lo sab√≠an ya lo saben porque ni si quiera tienen la amabilididad de hacerlo en un comunicado en la cual todos estemos enterados. "
16,An√≥nimo,"March 11, 2021",1:10 a.m.,0,0,82,"Confieso que quisiera volver a clases presenciales, sobre todo para ver al chico guapo de lentes y buso azul que pasaba en la planta alta de FADCOM. Nunca he tenido clases con √©l, ni s√© en qu√© semestre estar√°, solo lo ve√≠a comiendo su manzana cuando pasaba por el lugar. Se notaba que come sano.Espero est√©s bien, chico y espero que sigas cuando est√©n de nuevo las clases presenciales.Saludos de tu admiradora, hay que aclarar ahora. Te saludar√© cuando te vuelva a ver ‚ò∫Pdt: las clases virtuales son un asco üò° "
17,An√≥nimo,"March 10, 2021",11:12 p.m.,2,0,51,"Ustedes (esta vez no me incluyo) tienen dos problemasPrimero idealizar a una persona y ponerla en un pedestal, hacen eso somos y nadie les pidi√≥ eso. Segundo y es mas para las mujeres que piden mucho de sus futuras parejas(que me visite/me de detallitos/me escriba/me cante/me baile/que tenga metas) pero ellas no son para nada una persona que se merezca ese tipo de cosas(infantiles/baja autoestima/sin metas/ flojas) . Vayan a reemplazar su afecto de padre ausente en otras personas. "
18,An√≥nimo,"March 10, 2021",10:55 p.m.,0,0,83,"Confieso que una vez el viejo xxxxx de Marco Tulio me hizo una pregunta en plena clase y respond√≠ alguna pendejada, pero normal. O sea somos estudiantes... y me dijo que me siente que no me daba la cabeza. Desde ese momento me hice retra√≠da no me gustaba participar en las clases. Ese xxx me dijo que iba a ser perchera.Como deseo haber tenido el valor de decirle varias cosas en la cara. Un buen profesor no har√≠a ese tipo de comentarios.¬†"
19,An√≥nimo,"March 10, 2021",9:56 p.m.,7,2,68,"Confieso que extra√±o a una amiga. Ella es una buena persona y siempre hace lo posible por ayudar a los dem√°s.  Por un mal entendido ya no hablamos, todo culpa mia, quiesiera escribirle y pedirle disculpas. "
20,An√≥nimo,"March 4, 2021",12:32 p.m.,1,0,9,"Confieso que me d√≠ cuenta que no existen los mejores amigos. Una vez alguien me dijo que no debo sobreestimar a un amigo m√°s que los dem√°s que debo ser igual con todos.El problema es que una vez consider√© a alguien como mi mejor amigo, yo casi siempre se lo dec√≠a que √©l es mi mejor amigo. Pero despu√©s √©l empez√≥ a tener actitudes que me decepcionaron completamente, cosas como mentirme, como algunas veces que me ment√≠a para no estar conmigo e irse con otras personas. O usarme solo para pedirme dinero. Lo peor es que como yo lo apreciaba tanto le daba siempre el dinero que √©l necesitaba, pero despu√©s me dec√≠a no ten√≠a dinero para pagarme pero s√≠ para otras cosas como irse de viaje o pagarse un pocot√≥n de lujos. Y despu√©s, cuando yo necesitaba el dinero √©l se hac√≠a el desentendido. Ese tipo de personas no merecen ser llamados mejores amigos.Si as√≠ son los mejores amigos, mejor prefiero estar solo"
21,An√≥nimo,"March 4, 2021",3:12 a.m.,1,1,68,"Hola, esta es mi primera confesi√≥n.¬†Solo me acord√© de algo que pas√≥ en mi vida, cuando reci√©n conoc√≠ el amor. Nunca tuve novio en el colegio ni nada. Cuando entr√© al pre en Espol (no lo pas√© y actualmente estoy en otra u), casi a finales, conoc√≠ a un chico que me llam√≥ bastante la atenci√≥n por ser el tipo de chico que a m√≠ siempre me ha gustado tanto f√≠sicamente como en personalidad. Era s√∫per blanco, cabello rizado y negro y lo poqu√≠simo que lo conoc√≠ en ese tiempo me daba la impresi√≥n que era alguien tranquilo e introvertido, ah y tambi√©n inteligente! Sucede que ninguno aprob√≥ el pre en ese entonces (2016), lo que me impresion√≥ de √©l porque pude ver que era alguien MUY talentoso, pero las cosas pasan siempre por algo y la vida nos depara algo mejor de lo que creemos. Pasado un tiempo √©l me escribi√≥ y yo felizota ja ja bueno, nos escribimos por un tiempo y hab√≠a un feeling entre nosotros. Despu√©s sucede que llegamos a inscribirnos en otra universidad y era la misma. Comenzamos a hablar m√°s en persona, salir; y al poco tiempo, nos hicimos pareja. Creo que fue nuestra primera relaci√≥n, al menos la m√≠a lo fue. Era tan hermosa, nos llev√°bamos s√∫per bien, pero esa hermosa relaci√≥n dur√≥ menos de 2 meses, y todo fue por una gota que derram√≥ el vaso. Como √©ramos nuevos en esto, quiz√° nos apresuramos. Quisimos tener relaciones y fuimos a un motel. Pero fue lo peor que pudimos hacer :1 llegado el momento yo tuve miedo y al final nunca pudimos concretar el acto que hasta me puse a llorar. √âl me dijo que no importaba y hasta se sinti√≥ mal por m√≠, pero yo estaba furiosa conmigo porque cre√≠ que pod√≠a hacerlo. D√≠as despu√©s √©l se sinti√≥ peor que yo que quiso terminar la relaci√≥n porque crey√≥ que estuvo mal lo que hicimos y que √©l nunca debi√≥ aceptar. Ahora, si han llegado hasta aqu√≠, quiz√° digan que quiso terminar porque no tuve sexo con √©l, hasta yo pens√© eso, pero no fue as√≠, √©l era un buen chico, conf√≠o en que a√∫n lo es, pero, adem√°s de eso, intuyo que √©l ten√≠a problemas de depresi√≥n y que por eso se sinti√≥ tan mal. Me dej√≥ despu√©s de que nos lleg√°semos a amar mucho. Hasta despu√©s de un tiempito, llegu√© a molestarlo por lo tanto que le rogaba que regresaramos, que no importaba lo que hab√≠a pasado y que pod√≠amos olvidar eso y comenzar de nuevo, sin prisas esta vez, pero √©l ya no quiso nada, creo que le lleg√≥ a fastidiar mi insistencia. Te pido disculpas por ello.¬†D. Si es que por alguuuuna raz√≥n llegases a leer esta confesi√≥n, quiero que sepas que en ese tiempo, despu√©s de que lo terminaras, llegu√© a odiarte ja ja, porque yo te quer√≠a en serio, pero esa es solo la etapa normal que creo que todos pasamos cuando algo as√≠ nos afecta. Aprend√≠, con el tiempo, que todo en la vida sucede por algo, para ganar experiencia, y as√≠ mismo todos sanamos. Al d√≠a de hoy solo te tengo como un bonito recuerdo. Conf√≠o en que te est√° yendo s√∫per bien en lo que sea que hagas. Eres una persona muy talentosa y bondadosa.¬†"
22,An√≥nimo,"March 2, 2021",12:39 a.m.,2,0,65,"Confieso que leo a diario las publicaciones de #ConfesionesESPOL porque vivo en la espera de que alguien publique algo con mi nombre :vvv o que al menos me haga entender  sutilmente en su confesi√≥n :3. Ah, que confiese que me admira :v o que simplemente le llamo su atenci√≥n. S√≠, me genera cierto gustito ese tipo de publicaciones jajajaja.A la mayor√≠a le gusta, no lo nieguen, ALM!Saludos."
23,An√≥nimo,"Feb. 28, 2021",10:19 p.m.,0,0,70,Que bonito el amor :3 
24,An√≥nimo,"Feb. 27, 2021",11:45 p.m.,1,0,18,"Ella se va, conocer√° a otros y est√° bien, tirar√° con otros y est√° bien es soltera puede hacer lo que quiera equis. Lo que me trae ac√° es lo triste que me pone saberlo, que es estupido, porque ya hace tiempo me dijo NO y yo se que NO es NO, simplemente que me desgarra por dentro que no sea yo quien pueda compartir con ella, y no no ne refiero la cama, bueno aunque no estaria mal, pero yo no la quiero asi solamente ... no es dificil de entender que no suceder√°, estoy ebrio y se me sale el sentimiento, solo espero que con quien se involucre la haga feliz realmente."
25,An√≥nimo,"Feb. 24, 2021",6:34 a.m.,1,0,93,"Confieso Pues, yo perd√≠ a una buena mujer hace ya mas de un a√±o y a√∫n la pienso todos los d√≠as, estoy planeando pronto enviarle una carta y pedirle una honesta disculpa. S√© que no arreglar√° nada, mucho menos reparar√° lo que hice, pero solo espero que entienda que despu√©s de un tiempo comprend√≠ que no se lo merec√≠a. Que es una chava excepcional y que merece alguien que le d√© lo mejor. Y si la pregunta es s√≠, s√≠ cambi√© despu√©s de ella porque de nada servir√≠a decirle que lo siento si no pensaba cambiar.  Hace varios meses la vi! No me creer√°n pero la cara de est√∫pida no se me quit√≥ en d√≠as,por lo que me enter√© hace poco termino su relaci√≥n y pues, es eso. No deseo acercarme debido a eso."
26,An√≥nimo,"Feb. 24, 2021",12:38 a.m.,0,0,4,"Gracias por la preocupaci√≥n, aprob√© el pre y me gradu√©. Hace unos d√≠as vi un TikTok y me acorde de ese hecho y me anim√© a ¬†confesarlo ya que no hay riesgos asociados lol.Ps: me lo vacile cuando yo ya iba en cuarto semestre, para los que ten√≠an esas dudas. Si soy hombre o mujer, that who am I? That is one secret that I will never tell?... X.O.XO."
27,An√≥nimo,"Feb. 20, 2021",6:02 p.m.,7,3,16,"Quiero confesar que todav√≠a te amo a pesar de que creo que t√∫ ya no sientes lo mismo por m√≠.Hay momentos en donde quisiera retroceder el tiempo ya que de esa forma podr√≠a haber balanceado mejor mis actividades y haber pasado m√°s tiempo contigo.Pero ahora tienes a alguien m√°s, eso creo, ya que a√∫n conservas cosas que te recuerdan a m√≠.Pero al final, todo lo que diga ya no sirve de mucho, ya que eso no har√° que vuelvas. Solamente me queda aprender de los errores y analizar nuestra situaci√≥n.Espero que te est√© yendo mejor en todo.Espero que progreses, en serio, t√∫ puedes lograr muchas cosas, m√°s de las que te imaginas. "
28,An√≥nimo,"Feb. 20, 2021",2:51 a.m.,4,2,9,"Hace a√±os me vacile a un profesor del pre. Todo bien hasta que se volvi√≥ t√≥xico, anyways, lo ten√≠a chiquito y qu√© decepci√≥n ‚úåüèª.¬†"
29,An√≥nimo,"Feb. 19, 2021",8:51 p.m.,0,0,82,"Confieso que me gustaba mucho una ni√±a del Paralelo 7 de Educaci√≥n Socioemocional, ya que es una chica muy linda, nunca fui su amigo, pero me pareci√≥ tan bella, inteligente y agradable , ten√≠a una mirada tierna y se ve√≠a que era una linda persona... quiz√°s si el destino lo permite alg√∫n d√≠a te pueda volver a ver    eres tan hermosa, pienso en ti y suspiro <3 <3 <3 <3 <3 "
30,An√≥nimo,"Feb. 19, 2021",12:06 p.m.,0,2,22,"Hace dos semanas un hombre de 32 a√±os llamado Roberto .D.T. Me propuso mantener relaciones sexuales con el , yo no acepte y decid√≠ tratarlo con indiferencia .Hoy  el me dej√≥ un mensaje diciendo que yo era una puta y regalada , se que sigues esta p√°gina  y por ello quer√≠a decirte  que a  este mujeron ( osea yo ) ¬° jam√°s vas a escuchar gemir ! nunca estar√© en tu cama  . Pat√°n e irrespetuoso ¬° Chicas tengan cuidado con ese sujeto !"
31,An√≥nimo,"Feb. 18, 2021",11:03 p.m.,0,0,56,"Confieso que me odio a mi mismo. Me siento de lo peor de este mundo. Siempre intento ser buena persona con todos pero pareciera que a nadie le importa nada. Ten√≠a alguien a quien consideraba mi mejor amigo y siempre he intentado estar ah√≠ para √©l, le ofrezco mi ayuda, intento no dejarlo solo y mostrarle que soy alguien confiable para √©l, pero a √©l no le importa nada. Antes hac√≠amos todo juntos pero ahora no. Ahora siento que hasta me miente para no estar conmigo pero s√≠ estar con otras personas. Hace planes con otros y a m√≠ me deja a un lado.Siento que soy un desastre, realmente me siento solo, intento hablar con otros pero es como que no les importa nada, realmente me siento completamente solo, creo que hasta estoy cayendo en depresi√≥n y la verdad hasta me gustar√≠a ya morirme. Siento que todo me va completamente mal, hasta en la universidad. No quiero mi carrera, nunca la quise y ahora me faltan pocas materias pero no quiero seguir m√°s.No s√© si a ustedes les ha pasado anteriormente, pero siento que quiero irme a otro lugar donde nadie me conozca, eliminar mi n√∫mero celular, mis redes sociales y empezar todo desde cero."
32,An√≥nimo,"Feb. 18, 2021",11:08 a.m.,0,0,73,"No se si sea buena idea y que pase por la cabeza de ella, pero me gustar√≠a regresar con mi ex. La conozco un poco mas de dos a√±os, en el 2019 e inicios del 2020 fuimos enamorados, pero por bobo le puse los cachos en diciembre del 2019, la cosa es que ella dice que me perdono eso y seguimos con la relaci√≥n pero se complico, pas√°bamos peleando por cualquier cosa y vino la pandemia y terminamos la relaci√≥n. Luego de unos meses le escribi y ya estaba conociendo a alguien y aunque sol√≠a insistir, le dej√© de hablar , luego vi que paso fin de a√±o con el nuevo enamoradoüòì. PERO ella me escribi√≥ para vernos a finales de Enero de este a√±o y salimos una vez(no paso nada), solo besos. la cosa es que al principio le dec√≠a si estaba o no soltera( nunca me dijo si ni no) y esa es mi incognita, estar√° tratando de jugar conmigo o que mismo... La familia sabe que tiene novio pero yo no creo que ella teniendo novio, le quiera poner cachos conmigo "
33,An√≥nimo,"Feb. 17, 2021",9:33 p.m.,0,0,46,"[¬† ] Tengo 3 a√±os con mi novio, el no es de espol y nos consider√°bamos una pareja estable; sin embargo, luego comenc√© a ver actitudes de √©l que me hac√≠an dudar e incluso llegamos a tener fuertes peleas por aquello, nos dimos un tiempo y en ese tiempo conoc√≠ a un chico que ya anteriormente¬† me pretend√≠a pero lo hab√≠a rechazado por que estaba con mi pareja la cosa es que √©l si quiere algo conmigo pero he pasado mucho tiempo con mi novio que me es muy dif√≠cil alejarme de √©l, aparte que tambi√©n me gusta como nos divertimos y pasemos buenos momentos, el comparte ciertas formas m√≠a¬† de ser , sin embargo el otro chico es todo lo contrario a mi, muy lindo y amable, nos ayudamos en los deberes pero muy serio y tranquilo, por cierto el si es de Espol. No se que hacer si debo intentar seguir con mi pareja aunque las cosas no anden muy bien o darme una nueva oportunidad."
34,An√≥nimo,"Feb. 17, 2021",9:09 p.m.,0,0,44,"Confieso que odio las clases en l√≠nea, y mas que eso porque no puedo ver al chico que me gusta ya que estaba en  mis dos √∫ltimos semestres =("
35,An√≥nimo,"Feb. 17, 2021",12:19 p.m.,1,1,80,"Pregunta seria porque los chicos cuando tienen un buena mujer, la cagan, y peor aun porque sino la haces feliz y te dice 1ue no es feliz porque insisten en quedarse con ellas. EXPLICACI√ìN POR FAVOOR HOMBRES REPOSRTARSE"
36,An√≥nimo,"Feb. 17, 2021",12:18 p.m.,0,0,88,"Desde hace un a√±o me gusta un chico el cual siempre me hac√≠a sentir bien, y pues Al principio nunca me gust√≥ pero yo a el si, luego me enamor√© yo y estuvimos varios meses hablando para despu√©s ser novios, duramos m√°s de un mes (duramos m√°s sin ser algo que siendo) y pues terminamos por infidelidades que el comet√≠a, nos encontramos casi a finales del a√±o, teniendo desde que empez√≥ la cuarentena sin vernos Y en ese momento me Di cuenta que a√∫n me gustaba... Estas son las fechas y tengo inseguridades de mi personalidad, porque siento que nunca he sido suficiente para el, de verdad lo amo pero tambi√©n me desepciona cada vez que me hace sentir mal, y no se que hacer. Quiero aprender a amarme mucho m√°s y tener dignidad pero no puedoüòï"
37,An√≥nimo,"Feb. 17, 2021",8:42 a.m.,0,0,15,"Quiero hacer una confesi√≥n, llevo una relaci√≥n de un poco m√°s de 5 a√±os, ha sido una relaci√≥n muy bonita. En ese entonces viv√≠a en otra ciudad, y manten√≠amos la relaci√≥n estable al parecer, pero, lamentablemente se vio empa√±ada porque  mi pareja me enga√±o üò∂,  para no hacerle m√°s grande el. Cuento lo perdone pero me quedo esa espina de que lo vocer√≠a hacer. La relaci√≥n se retomo y se empez√≥ de nuevo al Poco tiempo decimidos vivir juntos y la relaci√≥n se transform√≥ de ser bonita a peleas constantes, agravios, insultos muy fuertes, ya no hay palabras de aliento lo √∫nico que escucho de su boca es tu tienes la culpa tu haces las cosas mal, y eso. Me hace sentir que soy un 0 la izq, seg√∫n el sabe sus errores, y dice que es dif√≠cil luchar contra el mismo para cambiarlos, porque piensa que para el s√≠ es dif√≠cil y para los dem√°s no lo es????, bueno siguiendo la historia se supone que cuando ya formas una familia muchas cosas quedan atr√°s como padres hermanos que pasan a segunda prioridad al. Igual que amigos no es que se vayan de su vida completamente pero si est√°n como. Opci√≥n digamos y no. Como prioridad, a √©l le encanta jugar voley e va de viernes a domingo, para mi hacer el deporte no tiene nada de malo par que vaya as√≠ que lo dejo ir a jugar, pero por muchas ocasiones creo que piensa que no tiene una mujer y una hija, que en vez de por lo menos un fin de semana o un d√≠a dejar de ir a jugar y pasarnos con nosotras creo que para el es una c√°rcel y muchas d ellas veces lo que hace es que se lleva a la bebe y la deja con con su mam√° y a mi me deja en casa sola o bien salimos le acompa√±√≥ a jugar pero me deja en casa de su mam√° en donde seg√∫n √©l piensa que paso conversando de lo m√°s alegre cuando la realidad es que lleg√≥ me ignoran y lo √∫nico que hago es sentarme en el sill√≥n sola, y a esto ustedes dir√°n pero si tu no le dices como √©l o va a saber pues se lo he dicho y me a visto por muchas ocasiones hasta sola en la casa de su mam√°üòîüòî, hay otras veces que le digo vamos a otro lugar y el no va a jugar pero la Salida es un caos llena de conflictos, por √∫ltimo ahora con esto de covid y pandemia recibe sus clases virtuales, y yo salgo a trabajar y cuida a nuestra hija, no se si estoy mal yo o mi modo de verlas  cosas es diferente, el cuida a la nena mi√©ntras yo trabajo y ayuda en casa y a parte de ser admirable lo veo tambi√©n como una responsabilidad como padre, y no se porque a veces el se queja de que esa no es su responsabilidad tambi√©n, el. Me ha dicho que se siente mal. Porque el hombre es quien debe trabajar y sostener la casa y no al rev√©s, para m√≠ es un pensamiento machista porque tanto hombres como. Mujeres podemos. Llevar las cosas d eun hogar, bueno en fin cuando le. Digo eso me dice qe 3stoy loca, as√≠ que no se que pensar, pero las. Cosas malas no terminan ah√≠ durante todo este semestres en sus grupos de la u se hizo amigo de una chica y me pareci√≥ raro que se escriba con ella hasta altas horas de la noche, pr√°cticamente eya no duerme conmigo se acuesta a dormir 3 de la ma√±ana o m√°s tarde y siempre que me leva to a verlo o esta chateando o jugando en su tel√©fono y siempre me dice si tu tienes sue√±o duerme lo que el no entiende es que quiero a mi pareja a lado m√≠o, y bueno como les digo ese tipo de actitudes de quedarse despierto tan tarde, hablar con una perosn a y cont√°rselo todo que hasta consejos creo que ele ha dado de que sino funciona la relaci√≥n mejor qe se habr√°, S escond e para hablar se 3ncierra en el ba√±o, y lo √∫ltimo que ahora hace es esperar a que me duerma y salir sin que yo me d√© cuenta y regresar a la madrugada, lo confronte y su repuesta fue salia a comer???? Y como 3l.cuando.miento empieza a re√≠rse pues le. Dije que me. Dijera la. Verdad y se puso a re√≠r diciendo como vi en la televisi√≥n que hac√≠an eso y llegaban tarde pues lo hice. Al final me termino diciendo que to. Ten√≠a la. Culpa. Por. Dormir y por alguna sotras cosas, me reclamo que seg√∫n el yo no me preocupo por su hija, que no. Soy lo Suficientemente chispa, que me. Demoro mucho haciendo los quehaceres de la casa, y al final me dice si no puedes hacer las cosas dime y yo las hago en tono de si tu eres in√∫til yo lo hago. Relamente no s√© que deba hacer con esta situaci√≥n do√±a pendeja relamente ama a ese hombre. As√≠ que espero sus consejos"
38,An√≥nimo,"Feb. 17, 2021",1:14 a.m.,0,0,40,"me siento culpable porque vacil√© y recientemente termin√© con mi ex pero creo que el nunca me am√≥, no s√© si este bien o mal pero tengo que olvidarlo el solo me hace da√±o y no me valora üòû"
39,An√≥nimo,"Feb. 16, 2021",2:34 p.m.,0,0,75,"Necesito su ayuda, alg√∫n profesor bueno y de coraz√≥n noble para Calculo de una Variable? Es mi segunda vez repitiendo y no me digan Marco Tulio ü•¥"
40,An√≥nimo,"Feb. 16, 2021",1:46 p.m.,1,0,44,Confieso que estoy enamorada :3 
41,An√≥nimo,"Feb. 16, 2021",12:54 p.m.,1,0,1,"Tuve una relaci√≥n de casi seis a√±os, en las que muchas veces terminamos, volvimos, terminamos y volvimos sin que la gente se enterara. Una sola vez terminamos y fue algo notorio para los dem√°s. En ese tiempo √©l volvi√≥ con su ex (yo me enter√© tiempo despu√©s que me hab√≠a estado enga√±ando y por eso me termin√≥), incluso vivi√≥ con ella pero nadie lo supo, √∫nicamente yo porque ella se encarg√≥ de dec√≠rmelo. Les dur√≥ poco porque √©l volvi√≥ pidiendo perd√≥n y diciendo lo arrepentido que estaba y se le perdon√≥ y volvimos. Resulta que yo nunca fui de las personas de esconder su relaci√≥n, siempre publiqu√© fotos con √©l, estados, etc. Pero el casi nunca hizo eso, as√≠ que la ultima vez que volvimos si cambi√≥, fue diferente, pero result√≥ que yo ya no sent√≠a lo mismo. No me hab√≠a dado cuenta pero con tantas cosas que hab√≠a pasado lo estaba dejando de querer. A pesar de eso hice un esfuerzo, pero aunque √©l hab√≠a cambiado, sigui√≥ con actitudes que lastimaban mucho, y finalmente me di cuenta de lo que ya no quer√≠a. Y vi todo lo que hab√≠a sido nuestra relaci√≥n y lo da√±ina que fue. Me di cuenta que no merec√≠a eso. En una pelea, diciendo lo harto que estaba de mi, me termin√≥. Y esa fue la ultima vez que se lo permit√≠. Luego de eso volvi√≥ diciendo que no era en serio, que esto o lo otro, pero yo ya no quise volver. Y as√≠ pas√≥ el tiempo, √©l sin poder asumir que yo de verdad ya no quer√≠a volver y creyendo que solo era enojo, y yo aprendiendo a valorarme como persona. Como necesitaba tiempo para mi, no le dije a nadie que hab√≠amos terminado y √©l tampoco, as√≠ que todos asum√≠an que segu√≠amos juntos. En cierta ocasi√≥n nos reunimos para hablar sobre nosotros y ciertas personas nos vieron y pensaron que segu√≠amos juntos, para ser claro, eran amigos en com√∫n. No pens√© que estaba haciendo algo malo, era mucho el tiempo que estuvimos juntos, necesit√°bamos hablar y terminar de manera sana. Resulta que finalmente lo acept√≥ y se distanci√≥. En ese tiempo pude conocer a alguien mas, ya √©ramos amigos de a√±os pero como yo tenia novio, pues nunca lo vi de otra manera y el tampoco a mi, en ese tiempo empezamos a hablar y las cosas fluyeron. Me di cuenta que me estaba enamorando. Me pidi√≥ ser novios y acept√©, fue todo muy lindo, sin embargo, ten√≠a eso de que no le hab√≠a dicho a nadie que termin√© con mi ex, y ahora ya estaba con alguien mas.  Ahora que llevamos un poquito de tiempo, pues mi novio y yo estamos emocionados y felices, y decidimos que era hora de poder compartir estados y fotos a pesar de tener poco tiempo, as√≠ que lo hicimos. Resulta que me cayeron las criticas, los amigos de mi ex me critican que en tan poco tiempo ya lo ""remplac√©"", que hace un par de meses segu√≠amos juntos y que ahora ya hasta comparto fotos con alguien mas. Como mi ex fue el √∫nico novio que tuve, jam√°s me vieron con nadie mas, ahora resulta que soy una f√°cil, que tan r√°pido ya ando con otro. Que no tengo verg√ºenza. Y mi ex es el pobre abandonado que no tiene culpa de nada, y yo la peor del mundo.  Hablan de mi a mis espaldas y dicen cosas de mi como si yo hubiese sido la mala, que ya les ""ca√≠ mal"" porque tan r√°pido fue todo. Cu√°l fue mi error? No decirle a todos que hab√≠amos terminado? o no andar publicando cosas de despechada? Incluso mis amigos o compa√±eros dicen cosas como que √©l si hace lo correcto al no estar con nadie mas, que el s√≠ termina de manera sana y que yo soy una necesitada de amor, que no me quiero a mi misma y cosas tan tontas como esas. Incluso le fueron a decir a mi enamorado (los amigos) que yo anduve hace poco con alguien mas y que ahora con √©l, y que est√° cometiendo un error al estar conmigo y mont√≥n de eso. Dej√© de hablar con muchas personas porque me enter√© que incluso comenzaron a inventar que supuestamente vacil√© con alguien cuando mi ex y yo hab√≠amos reci√©n vuelto. Jam√°s hice algo malo ni enga√±√© ni le falt√© el respeto a mi ex, pero por alguna raz√≥n yo soy la mala aqu√≠. Tambi√©n me enter√© que mi ex estuvo contando  a sus amigos ciertos problemas que tuvimos en la relaci√≥n, pero de manera exagerada, completamente errada, y como siempre soy la mala. No quise decir nada porque siempre trato pensar que no vivo de las personas, pero ahora siento que me est√° afectando. Incluso personas que alg√∫n d√≠a fueron cercanas a m√≠, me critican y hablan por lo bajo. Me siento humillada y juzgada, no s√© c√≥mo hacer para que dejen de criticarme. En serio uno debe andar publicando cuando y como van sus relaciones para que no jodan?  Por alguien cercano me enter√© que se burlan de mi novio por andar conmigo y a mi me tachan de lo peor en las reuniones y cenas que han hecho y a las cuales no he asistido por evitarme malos ratos.  Nunca pens√© que algo as√≠ me pasar√≠a porque no soy una persona ni popular ni tan sociable y sinceramente no pens√© que mi vida le importar√≠a a alguien que no sea mi familia o amigos muy cercanos. No s√© qu√© hacer ni como sobre llevarlo. Mi novio y yo decidimos ya no poner nada, y ayer me dijeron que en una reuni√≥n que hicieron amigos en com√∫n hab√≠an dicho que ""me dur√≥ poco"" y que soy una inestable y que se hab√≠an re√≠do de mi. Solo tengo ganas de llorar. Por qu√© son as√≠? Uno no tiene el derecho de conocer a alguien m√°s y rehacer su vida? "
42,An√≥nimo,"Feb. 16, 2021",9:47 a.m.,3,0,94,"Creo que mi novio es un VIVIDOR.Tengo 6 meses de novia con alguien y un a√±o conoci√©ndonos.Siempre es s√∫per atento por mensajes, me pregunta c√≥mo estoy, si com√≠, etc...Sin embargo ya tiene 3? a√±os de edad, no trabaja, no estudia, vive con sus padres y nunca tiene dinero.Salimos y no compartimos nada o la mayor√≠a de veces tengo yo que pagar, hace un a√±o cuando me empez√≥ a pretender me dec√≠a que era la pandemia por eso no ten√≠a empleo, pasa y pasa el tiempo y nada.Le propuse la oportunidad de un empleo en el lugar donde trabajo pero me dijo que est√° haciendo pol√≠tica y ah√≠ le dar√°n puesto, si gana el ""partido""No me importa invitarlo o cosas as√≠, pero si me desanima el conformismo porque yo  trabajo duro (ya casi me graduo tambi√©n) y el todo lo haga con palabras y no con acciones.Siempre dice que se pondr√° un negocio, que habr√°n mejores tiempos y bla blaü§∑üèæ‚Äç‚ôÄÔ∏èEn fin la hipotenusa, quer√≠a desahogarme."
43,An√≥nimo,"Feb. 15, 2021",8:49 p.m.,3,0,2,Quiero volver con mi ex pero me da verg√ºenza porque me puso los cachos y todo el mundo lo sabe. Eso fue hace 2 a√±os y aparentemente ha cambiado seg√∫n lo que ha demostrado y do√±a pendeja lo extra√±a pues ha sido la √∫nica relaci√≥n que ha tenido en sus 25 a√±os de vida. Amixes los leo. Att: Ex cachuda indecisa.
44,An√≥nimo,"Feb. 14, 2021",11:43 p.m.,0,0,16,"Buenas chicos, una pregunta ¬øEl correo ESPOL se inhabilita tiempo despu√©s de que se termina la carrera? He usado el correo para algunos servicios y no quisiera tener problemas en el futuro"
45,An√≥nimo,"Feb. 14, 2021",11:16 p.m.,0,0,43,Se puede pagar la deuda por segunda matricula por internet? o es necesario ir al banco?
46,An√≥nimo,"Feb. 14, 2021",6:25 p.m.,0,0,18,Me duele la pierna LAPUTAMA DRE !!!!
47,An√≥nimo,"Feb. 14, 2021",5:33 p.m.,0,0,67,"Me gustar√≠a que me dieran sus opiniones, la hermana de mi pareja nunca me invit√≥ a sus fiestas de cumplea√±os, sin embargo siempre iban sus amistades, familiares cercanos y amistades de mi pareja, en los a√±os que estuve con esa persona ella no me invit√≥, no se qu√© pensar supongo que fue mi culpa por no ser tan sociable o simplemente no le agradaba"
48,An√≥nimo,"Feb. 14, 2021",5:30 p.m.,0,0,81,"Un d√≠a descubr√≠ que la mam√° de mi pareja no ten√≠a registrado mi n√∫mero en su celular, llev√°bamos 4 a√±os de relaci√≥n en ese tiempo "
49,An√≥nimo,"Feb. 14, 2021",1:43 p.m.,0,0,86,"Hace unos d√≠as estaba con un grupo de amigos/as y tocaron un tema un tanto delicado. Uno de ellos (al igual que otros chicos y chicas del grupo) hizo un voto de castidad por las creencias religiosas de su familia, pero, el nos dijo que no esta seguro de querer hacer eso. Yo no dije nada porque muchos de mis amigos/as tienen el mismo pensamiento e influencias de su familia y no quer√≠a ofender a nadie.Pero bro lo que decidas hacer estar√° bien, si quieres perder tu virginidad despu√©s de haber tenido una relacion larga y estable con alguien est√° bien, si quieres ir a un prost√≠bulo y perderla con una trabajadora tambi√©n est√° bien, si quieres conservarla tambi√©n es correcto.Desde mi punto de vista el sexo es una necesidad biol√≥gica del ser humano, as√≠ que, si la religi√≥n que profese tu familia no cumple tus necesidades no estas en la obligaci√≥n de seguirlas."
50,An√≥nimo,"Feb. 14, 2021",3:12 a.m.,0,0,7,Y en tiempos negros te salve la vida tantas veces y no supisteDescubrir√°s un d√≠a que te entregue mi vidaüéµüé∂
51,An√≥nimo,"Feb. 12, 2021",9:09 p.m.,0,0,82,"Pilas, hay una chica que estudi√≥ en Espol que hace encargos de Estados Unidos. No le pidan nada a ella porque es estafadora. Hace un par de meses se cambi√≥ de n√∫mero y hasta creo que se fue a vivir all√° y un chico que le hizo un encargo de m√°s de $300 d√≥lares nunca le dio respuesta de nada, anda desparecida con ese dinero. Ni siquiera fue capaz de decir que se iba a vivir por all√° . "
52,An√≥nimo,"Feb. 12, 2021",8:19 p.m.,0,0,4,Nunca hagan trato con una persona que est√° a punto de perder materias por vago.  Porque te utilizan diciendo que les pases las materias a cambio de algo sea material u otra cosa. Porque una vez les apruebas las materias te dicen que todo fue una mentira y se burlan en tu cara. Ya no se puede hacer nada una vez que est√©n AP sus materias. Malditos 
53,An√≥nimo,"Feb. 12, 2021",8:17 p.m.,0,0,93,"Para quienes quer√≠an la historia completa con la chica de la fiec, q nos encontramos por tinder‚Ä¶ Nos conoc√≠amos de vista hasta cuando salimos de la u, all√° por el a√±o 2010.. nos encontramos por tinder en el 2019.. era la misma chica que hab√≠a visto hasta el 2010, pero ahora estaba mucho m√°s hermosa (quiz√°s los a√±os le asentaron. Le dije eso y me dijo ‚Äúeres un tonto‚Äù)... Iniciamos una relaci√≥n y todo era bonito..Mi error fue que no me hab√≠a alejado del todo de una ex (que por cierto era del iche, creo q ahora es FEN). Tuvimos algunos problemas y decidimos terminar la relaci√≥n‚Ä¶ me arrepiento de no haber hecho las cosas bien y luchado por ella.. y de verdad la extra√±o.Fin.."
54,An√≥nimo,"Feb. 12, 2021",7:53 p.m.,0,0,77,"Justamente un 12 de febrero del 2013 empec√© a hablar con mi ex,√©ramos solo amigos en ese a√±o,en el 2014 empezamos a salir y me enamor√© perdidamente,ella tambi√©n era rec√≠proca pero luego terminamos,me dijo que era porque necesitaba concentrarse en sus estudios (la vieja confiable) pero la verdadera raz√≥n fue que yo mismo la alej√© con mis acciones.Han pasado los a√±os pero le sigo guardando un cari√±o especial de hecho desear√≠a hablarle y saber si a√∫n guarda esos lindos recuerdos que construimos. Si realmente quieren a alguien luchen por esa persona,valorenla porque no van a encontrar a alguien igual.Pd: ella siempre ser√° mi barcelonista favorita y yo su emelecista amargado jaja "
55,An√≥nimo,"Feb. 12, 2021",2:51 p.m.,0,0,46,"No es una confesi√≥n como tal xd, m√°s bien una pregunta, con esto de las votaciones para el consejo estudiantil de la universidad, ser√°n presenciales?, tambi√©n para que sirve el consejo? reci√©n termine mi primer semestre y estoy re confundida, se les agradece de antemano.p.s estoy harta de la modalidad virtual x'd"
56,An√≥nimo,"Feb. 12, 2021",1:53 p.m.,2,1,22,"Yo era de fimcp. Conoc√≠a de vista a una chica de la fiec.. pero solo eso, la conoc√≠a de vista...a√±os despu√©s nos encontramos en tinder y empezamos a tener comunicaci√≥n.. despu√©s de un tiempo nos amarramos, fue una relaci√≥n muy bonita.. inclusive un domingo fuimos a trotar en el campus y nos sentamos un rato frente al lago recordando experiencias de cuando fuimos estudiantes. Lastimosamente comet√≠ un error del que me arrepiento.. a√∫n la extra√±o =("
57,An√≥nimo,"Feb. 12, 2021",2:36 a.m.,0,0,39,"Me encanta üòç O.G.Le√≤n , es mi amor plat√≥nico de toda la vida (exager√©) , pero si me parece muy lindo , aparte que es muy inteligente, siempre he querido acercarme a √©l , pero no he encontrado la manera. Y aunque ya pr√°cticamente te graduaste ,seguir√°s siendo mi crush , ¬†si lees esto eres el amor de mi vida üòç¬†"
58,An√≥nimo,"Feb. 12, 2021",1:07 a.m.,0,0,91,"Quiero enviar mi confesion soy politecnico hace 1 a√±o termine el pre en medio de plena pandemia, la cosa es que del primer pre que hice me enamore perdidamente de una chica yo solo camine y la vi pum quede flechado y dije  tanta belleza pero no es para mi soy muy feo, luego en el 2 pre oh sorpresa fuimos compa√±eros nunca le dije nada xq soy super timido luego que acabo el pre la busque x cielo y tierra y la encontre y le escribi le daba indirectas pero no entendia hasta que coji valor y le dije todo y hasta chateamos x whatsapp le escribia bastatante xq ella me dio esperanzas y yo todo animadote quedamos en salir pero en ningunos de las 2 o 3 ocasiones se pudo, luego me fue sincera me dijo que todavia se ve√≠a con su ex y yo insistia y hasta que me dijo que no bueno le deje de escribir, como yo ten√≠a su numero veia sus estados y a los tiempos le comente una foto le dije estas hermosa y bla bla volvimos a seguir chat y como no se podia salir  solo chat yo di todo x ella trataba de enamorarla juro que x ella quer√≠a dejar todo xq enserio me encantaba pero bueno resulta que es una chica muy complicda y siempre me dejo claro que preferia siempre mas a sus amigos q a cualquier pareja q tenga luego me pedia disculpas hasta que definitivamente esto termino acabando con todo lo que sentia x ella de tanto que me encantaba no me gustaba me encantaba todo eso se fue muriendo creo que hasta me da fastidio ahora ver sus mensajes hace poco me escribio pidiendome disculpas x las cosas mals que me hizo pero ya me da igual chicas y chicos valoren a alguien a quien las quiera no todos los dias se encuentra la misma persona 2 veces en la vida"
59,An√≥nimo,"Feb. 12, 2021",12:50 a.m.,0,0,31,Confieso que extra√±o pegarme un cague viendo las chicas anime de los ba√±os fiec
60,An√≥nimo,"Feb. 12, 2021",12:04 a.m.,0,0,1,"Hola le√≠ confesiones y quise contar mi historia no se si alg√∫n d√≠a leer√°s pero aqu√≠ voy En la universidad debemos aprobar el ingles y fui a un instituto de idiomas y ah√≠ por un amigo la conoc√≠ la vi tan bella, tranquila √∫nica  y ese mismo d√≠a tomamos algo de Vodka con sus compa√±eros del ingles al otro d√≠a le escrib√≠ (Que tal tu chuchaky) Desde ese d√≠a comenz√≥ todo chat audio y llamadas ella me visitaba con su hijo e √≠bamos al gym pero cuando el papa del hijo se entero empez√≥ a molestarla y ella empez√≥ alejarse hasta que le puso un pare pero aun segu√≠a molest√°ndole  aun el segu√≠a ah√≠ queriendo intentar la relaci√≥n yo estaba muy  enamorado de ella que le cre√≠a que no hab√≠a nada con el papa de ni√±o a ra√≠z de eso empezamos a tener problemas llore muchas veces en la ducha un primo me llevo al RETIRO y me fui para ser mejor persona y as√≠ salir adelante con ella pero as√≠ mismo segu√≠amos peleando era semanas felices como semanas tristes la amaba tanto xq ella era √∫nica en su forma de ser atenta y era como yo (mientras escribo hay dolor muy fuerte en mi coraz√≥n que parece que fue ayer y me duele mucho y lloro mientras escribo)La ame tanto que le perdone como 3 veces que me fue infiel con el papa del hijo y ella me juraba que no hab√≠a nada solo queda en su conciencia si fue as√≠ o no ‚Ä¶ mi amigo que me presento me dio un consejo ‚ÄúLucha da todo de Ti para cuando ella se vaya tengas el orgullo de haber dado todo‚Äù y as√≠ con todo peleas y reconciliaciones  duramos 3 a√±os y despu√©s de eso yo tenia un dinero que me dieron para mis estudios y le dije vivamos juntos cuando ella llego la sent√≠ diferente como mas agresiva que todo ordenaba y que por cualquier cosa se molestaba  pasamos muchas veces peleando discutiendo pero yo ah√≠ segu√≠a firme con la ayuda de Dios un dia nos peleamos tanto que ya llegamos a gritarnos y romper las cosas ese dia decid√≠ irme y ella me dijo no te vayas qu√©date mira que puedo hacer para que no lo hagas y le pedi que vaya donde un psic√≥logo xq ella se alteraba muy f√°cil y no le gustaba que le den ordenes y ah√≠ de nuevo regresamos yo si voy a decir a veces si e sido vago por no ayudar a cocinar pero yo solo le ped√≠ 2 favores solo 2 que se sepa controlar y que cualquier cosa me pido bonito ejm mi amor ven ay√∫dame a cocinar‚Ä¶ y yo de una sal√≠a ayudar xq no cambiaste que fue mucho pedir eso me duele pensar que no cambiaste.Un dia llego el papa del ni√±o a mi casa a insultarme y todo solo lo mire xq ah√≠ estaba el ni√±o no quer√≠a que me vea peleando o insultando al otro dia lo llame y le di duro‚Ä¶ pero aun asi hab√≠a problemas y cr√©ame por pendejadas por no pelar un papa bien solo por eso ella ya empez√≥ con una actitud de a mierda diciendo que somos perros pela bien, yo solo ve√≠a como su cara y su forma de ser cambiaba en un solo instante y ella empezaba con la indiferencia √©ramos en el departamento como dos personas que no nos conoc√≠amos Hoy me fui del departamento a vivir en la terraza ‚Ä¶ y me pregunto yo la busque tantas veces que regrese 3 a√±os y en  todo ese tiempo que estuve con ella jam√°s le fui infiel hasta ahora mismo y pienso y siento que nunca me amo estamos tan cercas que no llegas y decir amor hablemos luchemos por nosotros xq tu no me puedes buscar sabiendo que te amo ‚Ä¶‚Ä¶‚Ä¶‚Ä¶..Que desilusionado estoy a 3 pisos de la casa y no llegas‚Ä¶. Alg√∫n dia espero tener la mujer correcta y leer esta confesi√≥n y decir gracias a Dios ahora ya no lloro ‚Ä¶"
61,An√≥nimo,"Feb. 11, 2021",11:47 p.m.,1,1,3,"Ya que est√°n publicando seguido y espero le hagan caso a este post xd. No es nada rom√°ntico ni sentimental, pero es sobre f√≠sico. ¬øalguno tiene una rutina de ejercicios que le haya funcionado? Yo hasta inicios de 2020 me manten√≠a f√≠sicamente debido a que hac√≠a deporte, pero ahora hasta tengo cachetes y llantitas de bicicleta cuando me siento. So, agradecer√≠a su ayuda amiguitos."
62,An√≥nimo,"Feb. 11, 2021",10:59 p.m.,1,0,76,"Por favor Angie, dime que aun no tienes novio üò•Hace tiempo que no hablamos y algo me dice que ya no te intereso y si ya tienes a alguien espero que seas felizü•≤"
63,An√≥nimo,"Feb. 11, 2021",8:34 p.m.,1,0,66,"Nunca fue la persona mas sociable en la u, me sent√≠a tranquilo estando solo, en mi propio mundo, con mis propias reglas :).Aun as√≠, extra√±o mucho recibir clases junto a mis amigos, ir a almorzar o simplemente saludarlos de lejos. Son cosas tan peque√±as pero que ahora significan tanto. "
64,An√≥nimo,"Feb. 11, 2021",8:16 p.m.,0,0,22,"Al momento de registrar una materia, deber√≠an notificar si el profesor permite o no trabajar de forma as√≠ncrona.Me fue complicado conectarme a la hora de la clase, as√≠ que ve√≠a las grabaciones en la noche al igual que el semestre pasado, pero al final si no te conectas no pasas x.x.Si hubiera sabido que as√≠ se manejaba esa profesora, no hubiera tomado con ella :("
65,An√≥nimo,"Feb. 11, 2021",7:33 p.m.,0,2,28,"M√°s que una confesi√≥n es una alerta para que no caigan en las garras de las chicas bonitas que piden ayuda. Hace unas semanas exist√≠a una publicaci√≥n en particular que ped√≠a clases a cambio de una buena paga. Yo le√≠ que eran de sistemas digitales y le escribi a esta chica por interno, ella me supo decir que era para que dicte unas clases. Yo todo ilusionado con esa foto de perfil, ella blanquita, de cara bonita y delgada. Debo admitir que ella me emocionaba m√°s, me dio su n√∫mero para que all√≠ le escribiera y termine en un grupo de puros chicos. Es decir no era para ella, era para sus amigos. Yo si iba a darle clases a los j√≥venes porque igual si ofrec√≠an dinero, pero chica que puso duraznos YO QUERIA VERTE A TI!!. Bueno a la final no pude dar las clases y F. La cosa es que me entere despu√©s por medio de personas que la conocen, que ella publica las materias o busca ayudantes para sus amigos que peligran o no entienden la materia, aprovecha que es simp√°tica y hace lo suyo. Amigos esa chica es peligrosa e inteligente. TENGAN CUIDADO CON LAS MUJERES!!!! PD. Que la chica haga otra publicaci√≥n para ayudarla "
66,An√≥nimo,"Feb. 10, 2021",1:33 p.m.,1,0,34,"Hace unos 8 a√±os tenia una relacion linda con una chica la cual se que esta muy bien actualmente. Estuvo conmigo desde mis mejores momentos hasta cuando me enferme y estuve apunto de morir por una enfermedad .Me daba de comer , me ayudaba a pararme , me ayudaba a caminar porque era mi terapia paRa poder salir de aquella recuperaci√≥n. Lo curioso de todo esto esque era muy feliz con ella compartiamos cosas tan peque√±as que hasta el dia de hoy las extra√±o. Me porte mal con ella , la enga√±e por cuestiones de inmadurez. (16 a√±os)he salido con algunas chicas intentando tener algo estable y no lo he conseguido puras relaciones fallidas. Hoy , ya siendo una persona ya mas centrada quisiera encontrarla para disculparme por la persona que fui con ella , darle un abrazo y decirle que chicas como ella no hay , y si lo hay son contadas. Siempre lo deseo lo mejor porque es la √∫nica que he amado de verdad.Nunca es tarde para poder disculparse con alguien que realmente quisiste.psdta: usen condones y mascarillas porque o tenen hijos muy jovenes o les da covid miserables xd "
67,An√≥nimo,"Feb. 10, 2021",2:06 a.m.,2,0,100,"Confieso que a√∫n quiero a mi ex pero al mismo tiempo lo detesto por todo el da√±o que me ha hecho, a veces siento que nunca me quiso tanto como yo a el y eso me decepciona bastante, por otro lado hay un chico que me pretende pero me siento insegura en arriesgarme :("
68,An√≥nimo,"Feb. 10, 2021",2:05 a.m.,0,0,47,Me molesta mucho el hecho de que JM me siga hablando y tiene novia.#todosmienten Posdata: eres el m√°s mentiroso de la FCSH
69,An√≥nimo,"Feb. 10, 2021",2:02 a.m.,2,0,28,Confieso que me pone muy feliz que est√©n publicando m√°s seguido porque me encanta el chisme JAJA btw tio rayito eres lo m√°ximo
70,An√≥nimo,"Feb. 10, 2021",2:02 a.m.,2,0,39,Valoren a las personas que dan todo por tu bienestar luego puede que sea tarde...
71,An√≥nimo,"Feb. 8, 2021",4:30 p.m.,1,0,19,"Confieso que me agrada una persona, pero esta persona me lastim√≥ hace tiempo, durante todo ese tiempo cre√≠ que fue mi culpa pero recientemente se disculpo y me hizo dar cuenta que yo no tuve culpa en decir lo que en verdad sent√≠a, sin embargo al darme cuenta de eso hizo que sintiera un remordimiento hacia esa persona y ahora ya no se si quiero seguir hablando con esa persona o no, porque a pesar de que la quiero mucho, ese dolor sigue ah√≠. "
72,An√≥nimo,"Feb. 8, 2021",1:26 p.m.,0,1,11,"Hola chicos! Aquellos que estaÃÅn a favor de la lista 1, me pueden explicar su punto de vista?(argumentos por favor). Lo maÃÅs importante para una buena convivencia es escuchar primero a ambos bandos!"
73,An√≥nimo,"Feb. 5, 2021",2:31 p.m.,0,0,28,"Bueno quiero su opini√≥n al respecto. Luego de quedar soltera en 2019 por octubre, no tuve ning√∫n otro romance de ning√∫n tipo por un tiempo, sin embargo mi ex pareja no demor√≥ mucho en conseguir a alguien m√°s. Para no alargar la historia, esa relaci√≥n no le funcion√≥, las razones a√∫n no las se bien, pero cuando se acab√≥ mi ex pareja y yo volvimos a hablar... Seguro dir√°n ¬°Que boba! Y pues s√≠. Al inicio solo fue pl√°tica, luego la t√≠pica conversaci√≥n en la que los sentimientos encontrados salen al flote y despu√©s ya parec√≠amos novios otra vez. El asunto es que ya ha pasado cierto tiempo de andar as√≠, entre ser y no ser, y uno de encari√±a oigan jajajaja Finalmente luego de no llegar a nada en una conversaci√≥n, me resent√≠ por qu√© el no quer√≠a nada m√°s, solamente eso, llamenlo amigovio. Entonces actualmente seguimos as√≠, pero ya no me limito a hablar con m√°s chicos, pues porque no somos nada oficial, cierto? hablo con mi amigovio y con otros chicos, hago planes de los que el no se entera claro, ya he salido con unos, pero no s√© siente muy bien, de hecho todo lo contrario. Se que no son expertos, pero que debo hacer?"
74,An√≥nimo,"Feb. 5, 2021",7:09 a.m.,3,0,1,¬øQuieres papas fritas?
75,An√≥nimo,"Feb. 5, 2021",6:41 a.m.,2,0,68,Todos mis ex compa√±eros de la Materia Socioemocional Valen gaver. Nunca hacian bien un proyecto tan sencillo. Me caen maaaaaal.
76,An√≥nimo,"Feb. 4, 2021",11:41 p.m.,0,3,80,"Hace unos d√≠as estaba con un grupo de amigos/as y tocaron un tema un tanto delicado. Uno de ellos (al igual que otros chicos y chicas del grupo) hizo un voto de castidad por las creencias religiosas de su familia, pero, el nos dijo que no esta seguro de querer hacer eso. Yo no dije nada porque muchos de mis amigos/as tienen el mismo pensamiento e influencias de su familia y no quer√≠a ofender a nadie.Pero bro lo que decidas hacer estar√° bien, si quieres perder tu virginidad despu√©s de haber tenido una relacion larga y estable con alguien est√° bien, si quieres ir a un prost√≠bulo y perderla con una trabajadora tambi√©n est√° bien, si quieres conservarla tambi√©n es correcto.Desde mi punto de vista el sexo es una necesidad biol√≥gica del ser humano, as√≠ que, si la religi√≥n que profese tu familia no cumple tus necesidades no estas en la obligaci√≥n de seguirlas."
77,An√≥nimo,"Feb. 4, 2021",9:08 p.m.,0,0,98,"Me estoy quedando en X materia por tercera vez, no se si morir, dejar todo ah√≠ y cambiarme a otra U, o darle como a rata, he escuchado rumores que en un semestre podr√© ver solo la materia X, que otras cosas paranormales pasan en la tercera matr√≠cula? üòû"
78,An√≥nimo,"Feb. 4, 2021",9:04 p.m.,1,0,41,"Me gusta un chico y llevamos 3 a√±os saliendo y a√∫n no me dice nada, solo me invita a salir y ya. Ustedes creen que est√° interesado en mi xq si no fuera as√≠ no me escribir√≠a todos loss d√≠as no me dijera para salir a seguido, que creen que debo hace? Ayuda¬†"
79,An√≥nimo,"Feb. 3, 2021",11:16 a.m.,0,0,57,"No me gusta escribir en esta p√°gina pero no se... no quiero hablar con mi amigo y contarle lo que me pasa asi que que mejor que contarselo a muchisima m√°s gente.Soy mala persona, no porque quiera sino porque no puedo evitarlo, soy imprudente, critico mucho y usualmente no le agrado a la gente, eso me pone al porque no quiero ser as√≠ pero no se como evitarlo, se que talvez mucha m√°s gente se siente como yo pero quisiera saber como puedo cambiar, soy demasiado honesta y eso lastima a la gente, se que una cosa es ser honesta y otra es ser grosera al momento de decir la verdad, creanme que trato de que las cosas no suenen mal cuando las digo peor a veces como que no me doy cuenta y  tengo actitudes o reaccioes que caen mal, no quiero ser as√≠, quiero ser querida y no quiero lastimar a las personas.Otro punto es lo de las clases virtuales, no puedo, mucha gente se va a burlar de que ""las clases virtuales me dan ansiedad"" pero es que, no puedo, no rindo, no soy aplicada, no soy constante, no soy dedicada en ningun aspecto de mi vida, en resumen, soy una basura de humano inmadura que no rinde en este mundo.No se que hacer, la gente cree que no trato pero s√≠ lo hago pero a la vez no puedo hacerlo.Siento que soy una mrda de humano en muchos aspectos pero a la vez muchas veces siento que soy genial, no me entiendo, de verdad que soy una bola de indesiciones."
80,An√≥nimo,"Jan. 31, 2021",2:12 p.m.,0,0,43,"No es una confesi√≥n, solo vengo por respuestas.Estoy en segundo semestre de ING en materiales, tengo una cuesti√≥n.√öltimamente estoy viendo que muchos memes de una vaina llama MOPOL, busco en Google y no me dice nada concreto, cuando le pregunto a alguien m√°s, solo se me r√≠e y no me dicen nada ;-;Si alguien es tan amable de responderme se los agradecer√©.Psdt: VETE A LA VERGA JENNIFER AVIL√âS, TE SIGO ODIANDO DESDE LA PRIMERA VES QUE ME HICISTE QUEDAR MAL FRENTE AL CURSO..."
81,An√≥nimo,"Jan. 26, 2021",11:22 a.m.,1,0,100,"a nada de terminar el semestre quiero decir que no hay mejor satisfacci√≥n que salir de esos grupos de ws de los cursos... compa√±eros esos grupos son para informarnos de las materias y su contenido, no para que cuenten su vida y llenen el chat con sus 200 mensajes "
82,An√≥nimo,"Jan. 23, 2021",6:45 p.m.,0,0,84,"Que mi amigo me disculpe pero, Laura eres una descarada, juegas con los corazones de dos personas."
83,An√≥nimo,"Jan. 15, 2021",11:42 p.m.,0,0,67,Buenas se hace la plataforma de cambridge a $8. Es para ayudar a una amiga Apoyen 0961546502 cualquier cosa. Ese es mi n√∫mero mi amiga es vergonzosa y lo escribo por aqu√≠ para tener m√°s alcance ü§≠ Gracias 
84,An√≥nimo,"Jan. 15, 2021",11:42 p.m.,0,0,96,Buenas se hace la plataforma de cambridge a $8. Es para ayudar a una amiga Apoyen 0961546502 cualquier cosa. Ese es mi n√∫mero mi amiga es vergonzosa y lo escribo por aqu√≠ para tener m√°s alcance ü§≠ Gracias 
85,An√≥nimo,"Jan. 14, 2021",4:52 p.m.,0,0,30,"Est√° es mi historia lo √∫nico bueno es mi preciada bendici√≥n mi hijaü•∞, conoc√≠ una chica me encant√≥ me enamore de ella, me conoci√≥ antes de que yo tuviera una profesi√≥n estable, con ella conceb√≠ una hermosa hija la cu√°l llamamos Violetta , le puse porque me encanta la m√∫sica de maykel- Violeta , nos casamos duramos 4 a√±os de relaci√≥n, el tercer a√±o comenzaron los conflictos,  lo que ella dec√≠a yo no estaba Aveces  de acuerdo y lo que yo dec√≠a tampoco est√°ba de  acuerdo, el tiempo que estuvimos casados ,nunca vivimos juntos por algunos meses ya que por motivo de esta pandemia s√© izo la oportunidad, yo trabajaba lejos y ella estudiaba, se vivi√≥ una relaci√≥n a distancia, en el trayecto del tiempo la comunicaci√≥n se fue perdiendo el amor se fue apagando , los pensamientos extra√±os eran m√°s seguidos,mi famila le ayudo en pre- universitario , obtuve mi profesi√≥n desde ah√≠, tome el mando de ella, le segu√≠ dando el estudio a√∫n habiendo conflictos entre ella y yo pero jam√°s le alze la mano, porque mi madre me ense√±√≥ que a las mujeres no se las toca ni con el p√©talo de un rosa.Era rara la ocasi√≥n que hab√≠a comprensi√≥n , c√≥mo decimos muchos hombres en la cama lo arreglamos, pues si es cierto.. pero lo que es del C√©sar dale lo que del C√©sar y lo que de Dios... Pues ya sabes.. Entramos en una econom√≠a muy inestable, me endeude, haciendo varios pr√©stamos ,tarjeta de cr√©dito etc . Pero ella Jam√°s dejo de estudiar, desde que la conoc√≠ siempre supe que es inteligente inclusive fue abanderada de su colegio el prestigioso 7 de noviembre de la ciudad de Naranjal, tuvimos problemas inclusive nos hab√≠amos separado un cierto tiempo, pero da la casualidad  en mi tel√©fono ten√≠a su facebook, ella buscaba trabajo para seguirse sustentando de una u otra forma, le llegaban muchas ofertas por las cuales muchas  le ofertava el dinero f√°cil  y seguro por lo cual ya deben imaginarse, yo segu√≠a leyendo, como ella en su consiente le segu√≠a respondiendo a esos tipos de personas, que incluso les daba la direcci√≥n e informaci√≥n personales ,tanto ella como las dem√°s personas, inclusive los lugares donde tendr√≠a que ir y la hora. Me comenze a preocupar demasiado yo dec√≠a que est√° haciendo esta mujer. Est√° m√°l de la cabeza, le manifeste a mi suegra en ese entonces... Neg√≥ que era incapaz de hacer eso... Un d√≠a le dije a mi suegra que nos reunamos ella mi esposa y yo d√≥nde le mostr√© las pruebas contundentes y se di√≥ cuenta que era ver√≠dico todo lo que le hab√≠a mostrado.. mi ex mujer se le ca√≠a la cara de verg√ºenza, negando todo y que jam√°s asisti√≥ a ning√∫n lugar, yo habl√© seriamente la mam√° de ella, le dije su hija es una persona adulta estamos hablando de una chica de 26 a√±os que ya, en el mes de abril 23 cumple los 27, ella est√° totalmente desorientada, no sabe que hacer, soy el √∫nico que podre ayudarla, yo como esposo, le dije a mi esposa volvamos a casa, conversemos, le mantuve alejada de las redes sociales le elimine las cuentas que ten√≠a incluyendo el facebook, duro poco tiempo, ella siempre estaba  en el tel√©fono y le preguntaba que hac√≠a tanto en el tel√©fono me supo manifestar estoy siguiendo cursos online , deb√≠do a mi profesi√≥n que es de turismo, aya listo le respond√≠.. pero tanto fue el descuido de su hogar y de su esposo que la manten√≠a tan ocupada en las redes sociales, que en el departamento que siempre hemos alquilado, lo manten√≠a sucio, com√≠amos y los platos quedaba en lavadero sucios hasta el siguiente d√≠a, se levantaba a la hora que ella quer√≠a ejemp. 10 am .. mi ropa me la quemaba mi calzoncillos con hueco , Aveces me probocava risa... No rabia... Porque jam√°s fui y no lo ser√© una persona impulsiva que reacciona sin pensar, deje pasar el tiempo ella asia lo suyo y yo dedicado a mi trabajo.Un d√≠a est√°bamos peleados y yo ten√≠a la man√≠a de quedarme callado para apasiguar las cosas, lleg√≥ de trabajo amanecido , me quedado seco dormido en la cama, y de pronto sent√≠ agua en toda mi cara, me levant√© con rabia despu√©s de lo que izo... Pero no le alze la mano .. le dije si√©ntate ac√° hablemos , me dijo que si la estoy dejando de amar, le respond√≠ que si... Estaba arto que solo pasaba en el tel√©fono desordena la casa y sucia. La gota que derram√≥ el vaso fue cuando descuido a mi hija, yo me encontraba en el trabajo y me llama la mam√° de mi hija llorando, diciendome que hab√≠a tragado veneno para ratas, inmediatamente fui verla y la lleve directo a una cl√≠nica, le dieron unos antibi√≥ticos, pero el doctor me supo manifestar que es mejor que la lleven directo al hospital del ni√±o Roberto Gilber en la ciudad de Guayaquil, ped√≠ permiso en mi trabajo dado la causa, avanze a Guayaquil la internamos a mi hija para las respectivas pruebas, estuvimos 3 d√≠as en el hospital , no pod√≠a dormir... Pero gracias a Dios los resultados salieron negativo... Ahora en la actualidad me encuentro separado de la madre de mi hija, la cu√°l no me permite ver a mi hija mucho menos saber de ella, ni poder escuchar su voz, me a bloqueado de todas las redes sociales, le ped√≠ el divorcio de mutuo acuerdo el compromiso de mi hija como padre y los d√≠as de vistas como corresponde, ah√≠ inmediatamente no demorar√≠a en  divorciarnos, pero me dijo que no... Ella me denunciaria y las leyes se iban a encargar lo correspondiente tanto el valor econ√≥mico y el horario de visita... Y en este mes de febrero o marzo ya se grad√∫a porque est√° en el √∫ltimo semestre, De su carrera estudiando en la prestigiosa universidad polit√©cnica ESPOL. "
86,An√≥nimo,"Jan. 13, 2021",7 p.m.,0,0,57,"No soy de hablar mal de la forma en que cada docente ense√±a su materia, tal vez sea por esta nueva metodolog√≠a virtual o tal vez simplemente soy yo quien no se acoplar a su metodolog√≠a; pero no he sentido tal desprecio y total falta de √©tica de un profesor como Joffre Sanchez, como digo puedo ser simplemente yo, pero digo falta de √©tica por que en todas sus clases en linea no tuvo ni la amabilidad ni la gentileza de ir a un espacio con menos ruido para poder impartir todas sus clases, y digo todas porque en todas siempre estaba con ruido en un control de lectura tuve que decirle que apague su micr√≥fono porque el ruido del televisor no me dejaba concentrar; por otro lado al momento de querer despejar tus dudas por muy tonta que sea la pregunta el tiene que ser pedagogo y no hacerte sentir mal, como he podido observar cuando alg√∫n compa√±ero realizaba alguna pregunta por eso la mayor√≠a ni actuaba en clase; por ultimo si tu internet es bueno pero falla al momento de subir alg√∫n archivo y se lo comunicas antes de que acabe el plazo para subirlo pues es tu culpa y te vas con cero a√∫n as√≠ le digas sobre el inconveniente que tienes, no despu√©s de la hora de subirlo en el preciso momento que tienes ese problema para mi una falta completa de empat√≠a."
87,An√≥nimo,"Jan. 13, 2021",12:17 p.m.,1,0,93,"Confieso que qued√© embobado con la chica que presento a los ganadores del concurso de FEPOL en IG. No se quien seas, pero eres hermosa <3."
88,An√≥nimo,"Jan. 13, 2021",3:06 a.m.,3,0,92,"Confieso que aunque no me molestas las clases en l√≠nea, lo que s√≠ extra√±o es decir comentarios graciosos en plena clase. Siempre tengo una ocurrencia y la digo en el momento exacto para causar una risa üòÖ üòÇ.A√∫n as√≠, estas clases me permiten ser un poco m√°s prudente al hablar. Sigo teniendo las mismas ocurrencias eso s√≠, pero cuando las digo, me aseguro que sean de calidad. Don Comedias me llaman üòÇüòÇüòÇ"
89,An√≥nimo,"Jan. 10, 2021",2:43 p.m.,1,0,27,"Te extra√±o demasiado. Eres lo que nunca me puedo permitir volver a intentar, yo quer√≠a sigamos como pareja pero t√∫ supongo te cansaste de m√≠, no te culpo, reconozco que si una persona est√° muy encima de otra, puede volverse tedioso. T√∫ quer√≠as que sigamos siendo amigos, s√© que no rechazaste mis sentimientos por maldad, sino porque sent√≠as te sentir√≠as mejor. Lamento haber decidido en ese momento no volvernos a hablar, pero es que enserio enserio te am√© tanto tanto tanto, que cr√©eme cuando te digo luchaba conmigo mismo para no escribirte, a Dios agradezco que aunque estuve cerca no lo hice. Te llor√© como no tienes idea por m√°s de 1 a√±o de no vernos, no te culpo por eso, yo nunca deb√≠ meterme tanto con una persona, aprend√≠ a ya no hacerlo. A veces, tengo los sue√±os m√°s felices no s√© por qu√©, siempre que sue√±o contigo siento paz, es tanta que inclusive ahora me puedo dar cuenta enseguida es un sue√±o, y debo concentrarme para no despertar y perder ese mundo en el que todav√≠a est√°s conmigo. Es bonito porque los tengo cada cierto tiempo de manera inesperada, y cuando reci√©n comenzaban era inc√≥modo por lo fresco de nuestro rompimiento, pero conforme iba pasando el tiempo, es como que cada sue√±o fuera otro nuevo episodio de nuestras vidas juntos. Sin embargo, recuerdo que el √∫ltimo acab√≥ br√∫scamente. √≠bamos juntos a un peque√±o parque que de alguna forma reconoc√≠ y me di cuenta, esto no es real y sab√≠a que si lleg√°bamos a ese parque despertar√≠a como otras veces ocurri√≥. Recuerdo que √≠bamos de la mano a ese lugar, y yo nos detuve, te mir√© a los ojos y te dije no podemos ir all√≠, t√∫ preocupada me preguntas por qu√©, y yo te respondo porque no eres real y si vamos despertar√©. Podr√≠a jurar que te vi soltar una l√°grima, probablemente fue mi subconciente en respuesta a mi propia tristeza, y pude ver como una fuerza me jalaba o repel√≠a de ti hasta que despert√©. No s√© como est√©s ahora, y la verdad no quiero preguntarlo porque quien sabe, tal vez en un futuro muy muy lejano tengamos la oportunidad de volver a encontrarnos, solo por pura casualidad, en las mejores circunstancias, yo reuna todo el valor del mundo para poder saludarte, cuando eso pase, espero te agrade lo que ver√°s, tal vez quieras darle una oportunidad a esa situaci√≥n. Cr√©eme cuando te digo en que he practicado sobre posibles temas de conversaci√≥n para ese d√≠a, y nueva mentalidad, para poder convencerte te quedes conmigo. Hasta entonces, disfruta de la vida, por favor cu√≠date mucho, y recuerda que aunque est√© lejos siempre pensar√≠a y velar√≠a por ti (una vez te lo dije espero lo recuerdes)."
90,An√≥nimo,"Jan. 7, 2021",4:09 p.m.,0,0,66,"Siempre cre√≠ que ser√≠a heterosexual toda mi vida :,o aunque desde que estuve en la u una que otra vez si me quedaba mirando a ciertas chicas del campus y estaba tranquila porque dec√≠a que solo me gusta admirar su belleza as√≠ como todo ser humano lo hace, pero luego se me hac√≠a raro porque cuando buscaba contenido expl√≠cito un porcentaje muy alto era de pareja de lesbianas y al menos a m√≠ me parec√≠a mucho m√°s interesante que cuando era mujer-hombre, con esto no digo que mis experiencias con chicos hayan sido mediocres, pero creo que despu√©s de lo que acabo de experimentar al menos ya no soy hetero... Lo que me preocupa en cierta forma es el rechazo de mis padre pero It's ok, somos libres de experimentar y conocernos, siempre y cuando seamos responsables y no le hagamos da√±o a nadie. Pdsta: usen mascarilla ‚ù§Ô∏è"
91,An√≥nimo,"Jan. 4, 2021",8:04 p.m.,3,0,70,"Todas son iguales, todos son iguales, ya me tienen harto con eso, son miles de personas que lo dicen y a pesar de que algunos lo dicen de broma otros lo toman enserio, seg√∫n la psicolog√≠a la mujer es infiel cuando no es escuchada mientras que el hombre es infiel por buscar una aventura o adrenalina, la infidelidad se puede evitar hablando y haciendo cosas nuevas, porque es un trabajo en equipo, si la pareja se trata como si su contraparte le perteneciera como un objeto entonces obviamente la relaci√≥n fracasar√°, recordemos que todos somos humanos, y ya dejemos de romantizar la infidelidad. "
92,An√≥nimo,"Jan. 3, 2021",10:06 a.m.,1,0,26,"Tio confesiones, a√∫n estamos esperando que aceptes esas publicaciones y los subas a Facebook. Posdata. Feliz A√±o Nuevo para todos¬†"
93,An√≥nimo,"Jan. 2, 2021",11:04 p.m.,1,0,70,"Buenas noches chicos quisiera saber  qu√© tal es ingenier√≠a estad√≠stica, que salidas tiene, experiencias de personas que la hayan estudiado, como les va actualmente, ¬øque trabajos hay? y si recomiendan estudiarla. Muchas gracias cu√≠dense mucho usen mascarilla y mucho alcohol."
94,An√≥nimo,"Dec. 28, 2020",2:59 p.m.,2,0,84,"No es confesi√≥n, es algo que decirlos porque hace unos meses un chico llamado Jack ha hecho su video para su materia de FADCOM que me ha impactado y llorado (un documental) aunque no todos lo vieron porque me siento muy identificado (este semestre est√° en su integradora), pero creen ustedes que les parece il√≥gico que con sus malos comentarios y malas vibras ha de quedar mal o que lo discrimine (sin reprochar), ya que pese a las intensidades y su manera de comportarse, quienes los entiende? Acaso est√° muy mal que pueda incluirse a el? as√≠ sea para una amistad o algo, Porque aunque se hace el acosador o que se pone muy raro con todos (generalmente por enfermedad mental) as√≠ sea frecuente, pero entiendan que es muy diferente y muy capaz con todos porque forma parte de un grupo de inclusi√≥n de la espol desde hace unos tiempos de que ingresaba a la u por un problema psicosocial (autismo de alto rendimiento). Chicos, ya cambien su conciencia, todos debemos ser como √©l y aprender que no es un impedimento como para socializar o algo en particular, y aunque su atenci√≥n no puede dar, hay que apoyar y ser m√°s solidarios, no solo con el, sino con personas que tienen las mismas condiciones. Saludos cordiales (admin, publica esto en Facebook)"
95,An√≥nimo,"Dec. 24, 2020",7:48 p.m.,0,0,21,"Confieso que me gusta una chica de ESPOL que es mi amiga pero ella hace poco ten√≠a novio, y no s√© c√≥mo decirle, alguna idea?"
96,An√≥nimo,"Dec. 24, 2020",7:48 p.m.,0,0,1,"Confieso que me gusta una chica de ESPOL que es mi amiga pero ella hace poco ten√≠a novio, y no s√© c√≥mo decirle, alguna idea?"
97,An√≥nimo,"Dec. 22, 2020",9:25 p.m.,0,0,72,No se si rendirme o seguir peleando. Siento que terminar√© perdiendo la carrera luego de tanto tiempo estudiando en espol. 
98,An√≥nimo,"Dec. 18, 2020",10:51 a.m.,1,0,80,"Solo, trato de calmar el dolorimplorandote que me abracessolo, tan solo, estoy perdidoconsumido por el dolorel dolor, el dolor, el dolorno me volverias a abrazar?solo te reiste, JA JA, PUTA! ü§ò"
99,An√≥nimo,"Dec. 16, 2020",1:15 a.m.,1,0,65,"Confieso que quisiera volver a clases presenciales porque extra√±o ver a mi crush y derretirme de amor cuando, por casualidad, coincid√≠amos en alg√∫n lugar de la U y me deleitaba al ver esos ojitos y esos labios hermosos que tiene, me conformaba con observar toda esa perfecci√≥n a la distancia, extra√±o eso. "
100,An√≥nimo,"Dec. 13, 2020",4:16 a.m.,1,0,14,Tengo que enamorarme de una chica... Y r√°pido!!!
101,An√≥nimo,"Dec. 12, 2020",6:27 p.m.,1,0,33,"Ella es fan√°tica de lo sensual, tiene una foto m√≠a y ya me la puedo imaginar que es lo que hace cuando est√° solita. Pero no le voy a preguntar y escuchar su voz cuando se agita, por su manera de respirar puedo imaginarme lo que est√° haciendo........ No mentira ni siquiera me hace caso üòî "
102,An√≥nimo,"Dec. 12, 2020",5:03 p.m.,4,0,90,"Querida le√±adora, llevo meses sin verte en la u y lastimosamente los meses se volver√°n a√±os... quisiera que cuando volvamos al campus pueda verte caminar toda emputada como siempreüòç me encantas le√±adora"
103,An√≥nimo,"Dec. 12, 2020",12:34 a.m.,10,0,57,"El chico que me gusta estudia en la Espol, le falta poco para graduarse, es muy buena persona y estudiante, siempre trato de animarlo, aunque parece que le importa poco... pero yo seguir√© haci√©ndolo, le debo el aprecio que tuvo por mi hace un par de a√±os, en los que yo no supe valorarlo (s√≠, el karma, amigosüò¢)Le agradezco el hecho de haberme querido tanto, pero no creo poder soportar su indiferencia como el lo soport√≥ de m√≠.Por si lees esto:Te quiero y deseo que te vaya bien cada d√≠a, que goces de buena salud y que Dios guarde de ti a cada momento para que no te suceda nada malo y realices - culmines cada meta que te propongas... ser√≠a un golpe bajo para mi si te sucede algo. Y algo m√°s, si tu aprecio no es reciproco para conmigo, igualmente desear√© que te vaya bien, con cualquier persona con la que te plazca estar,  por ahora conc√©ntrate mucho en tus estudios, que yo te estar√© animando y apoyando para que jamas decaigas ‚ù§(Estos de √∫ltimo a√±o son una joyita) üòÇ"
104,An√≥nimo,"Dec. 11, 2020",10:59 p.m.,6,0,91,"I.C. de FICT debo confesar que desde que te vi en el pre no puedo parar de pensar en si, soy muy timida sin embargo pensaba dar el primer paso en el periodo 2020 it pero la pandemia lleg√≥ desafortunadamente, me gustas mucho y espero alg√∫n d√≠a en el futuro puedas dirigir tu mirada hacia mi aunque sea un segundo, s√≥lo con eso seria muy feliz ‚ô°Siempre te recuerdo ahora que no te puedo ver en persona y espero que pases todas tus materias‚ù§Ô∏è"
